"area_fips","own_code","industry_code","agglvl_code","size_code","year","qtr","disclosure_code","area_title","own_title","industry_title","agglvl_title","size_title","annual_avg_estabs_count","annual_avg_emplvl","total_annual_wages","taxable_annual_wages","annual_contributions","annual_avg_wkly_wage","avg_annual_pay","lq_disclosure_code","lq_annual_avg_estabs_count","lq_annual_avg_emplvl","lq_total_annual_wages","lq_taxable_annual_wages","lq_annual_contributions","lq_annual_avg_wkly_wage","lq_avg_annual_pay","oty_disclosure_code","oty_annual_avg_estabs_count_chg","oty_annual_avg_estabs_count_pct_chg","oty_annual_avg_emplvl_chg","oty_annual_avg_emplvl_pct_chg","oty_total_annual_wages_chg","oty_total_annual_wages_pct_chg","oty_taxable_annual_wages_chg","oty_taxable_annual_wages_pct_chg","oty_annual_contributions_chg","oty_annual_contributions_pct_chg","oty_annual_avg_wkly_wage_chg","oty_annual_avg_wkly_wage_pct_chg","oty_avg_annual_pay_chg","oty_avg_annual_pay_pct_chg"
"48137","0","10","70","0","2022","A","","Edwards County, Texas","Total Covered","10 Total, all industries","County, Total Covered","All establishment sizes",80,594,24188206,4734569,102799,783,40721,"",1.00,1.00,1.00,1.00,1.00,1.00,1.00,"",-3,-3.6,-48,-7.5,-3313757,-12.0,-2044216,-30.2,-57734,-36.0,-41,-5.0,-2139,-5.0
"48137","1","10","71","0","2022","A","","Edwards County, Texas","Federal Government","10 Total, all industries","County, Total -- by ownership sector","All establishment sizes",5,20,1906771,0,0,1865,96954,"",11.83,1.76,3.12,0.00,0.00,1.80,1.80,"",0,0.0,1,5.3,30278,1.6,0,0.0,0,0.0,-51,-2.7,-2683,-2.7
"48137","1","102","72","0","2022","A","","Edwards County, Texas","Federal Government","102 Service-providing","County, by Domain -- by ownership sector","All establishment sizes",5,20,1906771,0,0,1865,96954,"",11.85,1.80,3.17,0.00,0.00,1.80,1.80,"",0,0.0,1,5.3,30278,1.6,0,0.0,0,0.0,-51,-2.7,-2683,-2.7
"48137","1","1021","73","0","2022","A","","Edwards County, Texas","Federal Government","1021 Trade, transportation, and utilities","County, by Supersector -- by ownership sector","All establishment sizes",2,4,180047,0,0,866,45012,"",9.51,1.51,1.69,0.00,0.00,1.11,1.11,"",0,0.0,0,0.0,11599,6.9,0,0.0,0,0.0,39,4.7,2004,4.7
"48137","1","1028","73","0","2022","A","","Edwards County, Texas","Federal Government","1028 Public administration","County, by Supersector -- by ownership sector","All establishment sizes",3,16,1726724,0,0,2120,110216,"",17.24,2.56,4.61,0.00,0.00,1.84,1.84,"",0,0.0,1,6.7,18679,1.1,0,0.0,0,0.0,-82,-3.7,-4290,-3.7
"48137","1","48-49","74","0","2022","A","","Edwards County, Texas","Federal Government","NAICS 48-49 Transportation and warehousing","County, NAICS Sector -- by ownership sector","All establishment sizes",2,4,180047,0,0,866,45012,"",9.80,1.64,1.81,0.00,0.00,1.10,1.10,"",0,0.0,0,0.0,11599,6.9,0,0.0,0,0.0,39,4.7,2004,4.7
"48137","1","491","75","0","2022","A","","Edwards County, Texas","Federal Government","NAICS 491 Postal service","County, NAICS 3-digit -- by ownership sector","All establishment sizes",2,4,180047,0,0,866,45012,"",9.86,1.68,1.88,0.00,0.00,1.12,1.12,"",0,0.0,0,0.0,11599,6.9,0,0.0,0,0.0,39,4.7,2004,4.7
"48137","1","4911","76","0","2022","A","","Edwards County, Texas","Federal Government","NAICS 4911 Postal service","County, NAICS 4-digit -- by ownership sector","All establishment sizes",2,4,180047,0,0,866,45012,"",9.86,1.68,1.88,0.00,0.00,1.12,1.12,"",0,0.0,0,0.0,11599,6.9,0,0.0,0,0.0,39,4.7,2004,4.7
"48137","1","49111","77","0","2022","A","","Edwards County, Texas","Federal Government","NAICS 49111 Postal service","County, NAICS 5-digit -- by ownership sector","All establishment sizes",2,4,180047,0,0,866,45012,"",9.86,1.68,1.88,0.00,0.00,1.12,1.12,"",0,0.0,0,0.0,11599,6.9,0,0.0,0,0.0,39,4.7,2004,4.7
"48137","1","491110","78","0","2022","A","","Edwards County, Texas","Federal Government","NAICS 491110 Postal service","County, NAICS 6-digit -- by ownership sector","All establishment sizes",2,4,180047,0,0,866,45012,"",9.86,1.68,1.88,0.00,0.00,1.12,1.12,"",0,0.0,0,0.0,11599,6.9,0,0.0,0,0.0,39,4.7,2004,4.7
"48137","1","92","74","0","2022","A","","Edwards County, Texas","Federal Government","NAICS 92 Public administration","County, NAICS Sector -- by ownership sector","All establishment sizes",3,16,1726724,0,0,2120,110216,"",17.24,2.56,4.61,0.00,0.00,1.84,1.84,"",0,0.0,1,6.7,18679,1.1,0,0.0,0,0.0,-82,-3.7,-4290,-3.7
"48137","1","922","75","0","2022","A","","Edwards County, Texas","Federal Government","NAICS 922 Justice, public order, and safety activities","County, NAICS 3-digit -- by ownership sector","All establishment sizes",1,13,1664313,0,0,2494,129687,"",43.41,12.45,23.53,0.00,0.00,1.91,1.91,"",0,0.0,0,0.0,27686,1.7,0,0.0,0,0.0,57,2.3,2980,2.4
"48137","1","9221","76","0","2022","A","","Edwards County, Texas","Federal Government","NAICS 9221 Justice, public order, and safety activities","County, NAICS 4-digit -- by ownership sector","All establishment sizes",1,13,1664313,0,0,2494,129687,"",43.41,12.45,23.53,0.00,0.00,1.91,1.91,"",0,0.0,0,0.0,27686,1.7,0,0.0,0,0.0,57,2.3,2980,2.4
"48137","1","92212","77","0","2022","A","","Edwards County, Texas","Federal Government","NAICS 92212 Police protection","County, NAICS 5-digit -- by ownership sector","All establishment sizes",1,13,1664313,0,0,2494,129687,"",84.50,22.87,40.58,0.00,0.00,1.80,1.80,"",0,0.0,0,0.0,27686,1.7,0,0.0,0,0.0,57,2.3,2980,2.4
"48137","1","922120","78","0","2022","A","","Edwards County, Texas","Federal Government","NAICS 922120 Police protection","County, NAICS 6-digit -- by ownership sector","All establishment sizes",1,13,1664313,0,0,2494,129687,"",84.50,22.87,40.58,0.00,0.00,1.80,1.80,"",0,0.0,0,0.0,27686,1.7,0,0.0,0,0.0,57,2.3,2980,2.4
"48137","1","924","75","0","2022","A","","Edwards County, Texas","Federal Government","NAICS 924 Administration of environmental quality programs","County, NAICS 3-digit -- by ownership sector","All establishment sizes",1,3,56500,0,0,407,21188,"",27.74,7.90,2.68,0.00,0.00,0.38,0.38,"",0,0.0,1,50.0,2235,4.1,0,0.0,0,0.0,-289,-41.5,-14989,-41.4
"48137","1","9241","76","0","2022","A","","Edwards County, Texas","Federal Government","NAICS 9241 Administration of environmental quality programs","County, NAICS 4-digit -- by ownership sector","All establishment sizes",1,3,56500,0,0,407,21188,"",27.74,7.90,2.68,0.00,0.00,0.38,0.38,"",0,0.0,1,50.0,2235,4.1,0,0.0,0,0.0,-289,-41.5,-14989,-41.4
"48137","1","92412","77","0","2022","A","","Edwards County, Texas","Federal Government","NAICS 92412 Administration of conservation programs","County, NAICS 5-digit -- by ownership sector","All establishment sizes",1,3,56500,0,0,407,21188,"",29.44,9.63,3.50,0.00,0.00,0.41,0.41,"",0,0.0,1,50.0,2235,4.1,0,0.0,0,0.0,-289,-41.5,-14989,-41.4
"48137","1","924120","78","0","2022","A","","Edwards County, Texas","Federal Government","NAICS 924120 Administration of conservation programs","County, NAICS 6-digit -- by ownership sector","All establishment sizes",1,3,56500,0,0,407,21188,"",29.44,9.63,3.50,0.00,0.00,0.41,0.41,"",0,0.0,1,50.0,2235,4.1,0,0.0,0,0.0,-289,-41.5,-14989,-41.4
"48137","1","926","75","0","2022","A","","Edwards County, Texas","Federal Government","NAICS 926 Administration of economic programs","County, NAICS 3-digit -- by ownership sector","All establishment sizes",1,0,5911,0,0,682,35466,"",14.96,0.00,0.10,0.00,0.00,0.58,0.58,"",0,0.0,-1,-100.0,-11242,-65.5,0,0.0,0,0.0,22,3.3,1160,3.4
"48137","1","9261","76","0","2022","A","","Edwards County, Texas","Federal Government","NAICS 9261 Administration of economic programs","County, NAICS 4-digit -- by ownership sector","All establishment sizes",1,0,5911,0,0,682,35466,"",14.96,0.00,0.10,0.00,0.00,0.58,0.58,"",0,0.0,-1,-100.0,-11242,-65.5,0,0.0,0,0.0,22,3.3,1160,3.4
"48137","1","92611","77","0","2022","A","","Edwards County, Texas","Federal Government","NAICS 92611 Administration of general economic programs","County, NAICS 5-digit -- by ownership sector","All establishment sizes",1,0,5911,0,0,682,35466,"",33.74,0.00,0.51,0.00,0.00,0.56,0.56,"",0,0.0,-1,-100.0,-11242,-65.5,0,0.0,0,0.0,22,3.3,1160,3.4
"48137","1","926110","78","0","2022","A","","Edwards County, Texas","Federal Government","NAICS 926110 Administration of general economic programs","County, NAICS 6-digit -- by ownership sector","All establishment sizes",1,0,5911,0,0,682,35466,"",33.74,0.00,0.51,0.00,0.00,0.56,0.56,"",0,0.0,-1,-100.0,-11242,-65.5,0,0.0,0,0.0,22,3.3,1160,3.4
"48137","2","10","71","0","2022","A","","Edwards County, Texas","State Government","10 Total, all industries","County, Total -- by ownership sector","All establishment sizes",5,18,976102,0,0,1038,53978,"",10.12,1.00,1.28,0.00,0.00,1.27,1.27,"N",0,0.0,0,0,0,0,0,0,0,0,0,0,0,0
"48137","2","101","72","0","2022","A","N","Edwards County, Texas","State Government","101 Goods-producing","County, by Domain -- by ownership sector","All establishment sizes",1,0,0,0,0,0,0,"N",74.96,0,0,0,0,0,0,"N",0,0.0,0,0,0,0,0,0,0,0,0,0,0,0
"48137","2","1012","73","0","2022","A","N","Edwards County, Texas","State Government","1012 Construction","County, by Supersector -- by ownership sector","All establishment sizes",1,0,0,0,0,0,0,"N",81.95,0,0,0,0,0,0,"N",0,0.0,0,0,0,0,0,0,0,0,0,0,0,0
"48137","2","102","72","0","2022","A","N","Edwards County, Texas","State Government","102 Service-providing","County, by Domain -- by ownership sector","All establishment sizes",4,0,0,0,0,0,0,"N",8.32,0,0,0,0,0,0,"N",0,0.0,0,0,0,0,0,0,0,0,0,0,0,0
"48137","2","1028","73","0","2022","A","N","Edwards County, Texas","State Government","1028 Public administration","County, by Supersector -- by ownership sector","All establishment sizes",4,0,0,0,0,0,0,"N",11.42,0,0,0,0,0,0,"N",0,0.0,0,0,0,0,0,0,0,0,0,0,0,0
"48137","2","23","74","0","2022","A","N","Edwards County, Texas","State Government","NAICS 23 Construction","County, NAICS Sector -- by ownership sector","All establishment sizes",1,0,0,0,0,0,0,"N",81.95,0,0,0,0,0,0,"N",0,0.0,0,0,0,0,0,0,0,0,0,0,0,0
"48137","2","237","75","0","2022","A","N","Edwards County, Texas","State Government","NAICS 237 Heavy and civil engineering construction","County, NAICS 3-digit -- by ownership sector","All establishment sizes",1,0,0,0,0,0,0,"N",82.09,0,0,0,0,0,0,"N",0,0.0,0,0,0,0,0,0,0,0,0,0,0,0
"48137","2","2373","76","0","2022","A","N","Edwards County, Texas","State Government","NAICS 2373 Highway, street, and bridge construction","County, NAICS 4-digit -- by ownership sector","All establishment sizes",1,0,0,0,0,0,0,"N",82.14,0,0,0,0,0,0,"N",0,0.0,0,0,0,0,0,0,0,0,0,0,0,0
"48137","2","23731","77","0","2022","A","N","Edwards County, Texas","State Government","NAICS 23731 Highway, street, and bridge construction","County, NAICS 5-digit -- by ownership sector","All establishment sizes",1,0,0,0,0,0,0,"N",82.14,0,0,0,0,0,0,"N",0,0.0,0,0,0,0,0,0,0,0,0,0,0,0
"48137","2","237310","78","0","2022","A","N","Edwards County, Texas","State Government","NAICS 237310 Highway, street, and bridge construction","County, NAICS 6-digit -- by ownership sector","All establishment sizes",1,0,0,0,0,0,0,"N",82.14,0,0,0,0,0,0,"N",0,0.0,0,0,0,0,0,0,0,0,0,0,0,0
"48137","2","92","74","0","2022","A","N","Edwards County, Texas","State Government","NAICS 92 Public administration","County, NAICS Sector -- by ownership sector","All establishment sizes",4,0,0,0,0,0,0,"N",11.42,0,0,0,0,0,0,"N",0,0.0,0,0,0,0,0,0,0,0,0,0,0,0
"48137","2","922","75","0","2022","A","N","Edwards County, Texas","State Government","NAICS 922 Justice, public order, and safety activities","County, NAICS 3-digit -- by ownership sector","All establishment sizes",1,0,0,0,0,0,0,"N",10.10,0,0,0,0,0,0,"N",0,0.0,0,0,0,0,0,0,0,0,0,0,0,0
"48137","2","9221","76","0","2022","A","N","Edwards County, Texas","State Government","NAICS 9221 Justice, public order, and safety activities","County, NAICS 4-digit -- by ownership sector","All establishment sizes",1,0,0,0,0,0,0,"N",10.10,0,0,0,0,0,0,"N",0,0.0,0,0,0,0,0,0,0,0,0,0,0,0
"48137","2","92212","77","0","2022","A","N","Edwards County, Texas","State Government","NAICS 92212 Police protection","County, NAICS 5-digit -- by ownership sector","All establishment sizes",1,0,0,0,0,0,0,"N",55.90,0,0,0,0,0,0,"N",0,0.0,0,0,0,0,0,0,0,0,0,0,0,0
"48137","2","922120","78","0","2022","A","N","Edwards County, Texas","State Government","NAICS 922120 Police protection","County, NAICS 6-digit -- by ownership sector","All establishment sizes",1,0,0,0,0,0,0,"N",55.90,0,0,0,0,0,0,"N",0,0.0,0,0,0,0,0,0,0,0,0,0,0,0
"48137","2","924","75","0","2022","A","N","Edwards County, Texas","State Government","NAICS 924 Administration of environmental quality programs","County, NAICS 3-digit -- by ownership sector","All establishment sizes",1,0,0,0,0,0,0,"N",20.44,0,0,0,0,0,0,"N",0,0.0,0,0,0,0,0,0,0,0,0,0,0,0
"48137","2","9241","76","0","2022","A","N","Edwards County, Texas","State Government","NAICS 9241 Administration of environmental quality programs","County, NAICS 4-digit -- by ownership sector","All establishment sizes",1,0,0,0,0,0,0,"N",20.44,0,0,0,0,0,0,"N",0,0.0,0,0,0,0,0,0,0,0,0,0,0,0
"48137","2","92412","77","0","2022","A","N","Edwards County, Texas","State Government","NAICS 92412 Administration of conservation programs","County, NAICS 5-digit -- by ownership sector","All establishment sizes",1,0,0,0,0,0,0,"N",25.01,0,0,0,0,0,0,"N",0,0.0,0,0,0,0,0,0,0,0,0,0,0,0
"48137","2","924120","78","0","2022","A","N","Edwards County, Texas","State Government","NAICS 924120 Administration of conservation programs","County, NAICS 6-digit -- by ownership sector","All establishment sizes",1,0,0,0,0,0,0,"N",25.01,0,0,0,0,0,0,"N",0,0.0,0,0,0,0,0,0,0,0,0,0,0,0
"48137","2","926","75","0","2022","A","N","Edwards County, Texas","State Government","NAICS 926 Administration of economic programs","County, NAICS 3-digit -- by ownership sector","All establishment sizes",2,0,0,0,0,0,0,"N",26.44,0,0,0,0,0,0,"N",0,0.0,0,0,0,0,0,0,0,0,0,0,0,0
"48137","2","9261","76","0","2022","A","N","Edwards County, Texas","State Government","NAICS 9261 Administration of economic programs","County, NAICS 4-digit -- by ownership sector","All establishment sizes",2,0,0,0,0,0,0,"N",26.44,0,0,0,0,0,0,"N",0,0.0,0,0,0,0,0,0,0,0,0,0,0,0
"48137","2","92614","77","0","2022","A","N","Edwards County, Texas","State Government","NAICS 92614 Regulation of agricultural marketing and commodities","County, NAICS 5-digit -- by ownership sector","All establishment sizes",2,0,0,0,0,0,0,"N",93.84,0,0,0,0,0,0,"N",0,0.0,0,0,0,0,0,0,0,0,0,0,0,0
"48137","2","926140","78","0","2022","A","N","Edwards County, Texas","State Government","NAICS 926140 Regulation of agricultural marketing and commodities","County, NAICS 6-digit -- by ownership sector","All establishment sizes",2,0,0,0,0,0,0,"N",93.84,0,0,0,0,0,0,"N",0,0.0,0,0,0,0,0,0,0,0,0,0,0,0
"48137","3","10","71","0","2022","A","","Edwards County, Texas","Local Government","10 Total, all industries","County, Total -- by ownership sector","All establishment sizes",5,107,4343745,36115,36,782,40659,"",4.19,1.94,2.22,0.56,0.07,1.15,1.14,"N",0,0.0,0,0,0,0,0,0,0,0,0,0,0,0
"48137","3","102","72","0","2022","A","","Edwards County, Texas","Local Government","102 Service-providing","County, by Domain -- by ownership sector","All establishment sizes",5,107,4343745,36115,36,782,40659,"",4.30,1.96,2.24,0.57,0.07,1.15,1.14,"N",0,0.0,0,0,0,0,0,0,0,0,0,0,0,0
"48137","3","1025","73","0","2022","A","N","Edwards County, Texas","Local Government","1025 Education and health services","County, by Supersector -- by ownership sector","All establishment sizes",1,0,0,0,0,0,0,"N",1.96,0,0,0,0,0,0,"N",0,0.0,0,0,0,0,0,0,0,0,0,0,0,0
"48137","3","1028","73","0","2022","A","N","Edwards County, Texas","Local Government","1028 Public administration","County, by Supersector -- by ownership sector","All establishment sizes",4,0,0,0,0,0,0,"N",9.10,0,0,0,0,0,0,"N",0,0.0,0,0,0,0,0,0,0,0,0,0,0,0
"48137","3","61","74","0","2022","A","N","Edwards County, Texas","Local Government","NAICS 61 Educational services","County, NAICS Sector -- by ownership sector","All establishment sizes",1,0,0,0,0,0,0,"N",2.17,0,0,0,0,0,0,"N",0,0.0,0,0,0,0,0,0,0,0,0,0,0,0
"48137","3","611","75","0","2022","A","N","Edwards County, Texas","Local Government","NAICS 611 Educational services","County, NAICS 3-digit -- by ownership sector","All establishment sizes",1,0,0,0,0,0,0,"N",2.17,0,0,0,0,0,0,"N",0,0.0,0,0,0,0,0,0,0,0,0,0,0,0
"48137","3","6111","76","0","2022","A","N","Edwards County, Texas","Local Government","NAICS 6111 Elementary and secondary schools","County, NAICS 4-digit -- by ownership sector","All establishment sizes",1,0,0,0,0,0,0,"N",2.26,0,0,0,0,0,0,"N",0,0.0,0,0,0,0,0,0,0,0,0,0,0,0
"48137","3","61111","77","0","2022","A","N","Edwards County, Texas","Local Government","NAICS 61111 Elementary and secondary schools","County, NAICS 5-digit -- by ownership sector","All establishment sizes",1,0,0,0,0,0,0,"N",2.26,0,0,0,0,0,0,"N",0,0.0,0,0,0,0,0,0,0,0,0,0,0,0
"48137","3","611110","78","0","2022","A","N","Edwards County, Texas","Local Government","NAICS 611110 Elementary and secondary schools","County, NAICS 6-digit -- by ownership sector","All establishment sizes",1,0,0,0,0,0,0,"N",2.26,0,0,0,0,0,0,"N",0,0.0,0,0,0,0,0,0,0,0,0,0,0,0
"48137","3","92","74","0","2022","A","N","Edwards County, Texas","Local Government","NAICS 92 Public administration","County, NAICS Sector -- by ownership sector","All establishment sizes",4,0,0,0,0,0,0,"N",9.10,0,0,0,0,0,0,"N",0,0.0,0,0,0,0,0,0,0,0,0,0,0,0
"48137","3","921","75","0","2022","A","","Edwards County, Texas","Local Government","NAICS 921 Executive, legislative, and other general government support","County, NAICS 3-digit -- by ownership sector","All establishment sizes",3,50,1832743,26999,27,703,36533,"",11.72,4.71,4.93,1.31,0.16,1.04,1.04,"N",0,0.0,0,0,0,0,0,0,0,0,0,0,0,0
"48137","3","9211","76","0","2022","A","","Edwards County, Texas","Local Government","NAICS 9211 Executive, legislative, and other general government support","County, NAICS 4-digit -- by ownership sector","All establishment sizes",3,50,1832743,26999,27,703,36533,"",11.72,4.71,4.93,1.31,0.16,1.04,1.04,"N",0,0.0,0,0,0,0,0,0,0,0,0,0,0,0
"48137","3","92113","77","0","2022","A","N","Edwards County, Texas","Local Government","NAICS 92113 Public finance activities","County, NAICS 5-digit -- by ownership sector","All establishment sizes",1,0,0,0,0,0,0,"N",56.14,0,0,0,0,0,0,"N",0,0.0,0,0,0,0,0,0,0,0,0,0,0,0
"48137","3","921130","78","0","2022","A","N","Edwards County, Texas","Local Government","NAICS 921130 Public finance activities","County, NAICS 6-digit -- by ownership sector","All establishment sizes",1,0,0,0,0,0,0,"N",56.14,0,0,0,0,0,0,"N",0,0.0,0,0,0,0,0,0,0,0,0,0,0,0
"48137","3","92114","77","0","2022","A","N","Edwards County, Texas","Local Government","NAICS 92114 Executive and legislative offices, combined","County, NAICS 5-digit -- by ownership sector","All establishment sizes",2,0,0,0,0,0,0,"N",13.59,0,0,0,0,0,0,"N",0,0.0,0,0,0,0,0,0,0,0,0,0,0,0
"48137","3","921140","78","0","2022","A","N","Edwards County, Texas","Local Government","NAICS 921140 Executive and legislative offices, combined","County, NAICS 6-digit -- by ownership sector","All establishment sizes",2,0,0,0,0,0,0,"N",13.59,0,0,0,0,0,0,"N",0,0.0,0,0,0,0,0,0,0,0,0,0,0,0
"48137","3","924","75","0","2022","A","N","Edwards County, Texas","Local Government","NAICS 924 Administration of environmental quality programs","County, NAICS 3-digit -- by ownership sector","All establishment sizes",1,0,0,0,0,0,0,"N",34.38,0,0,0,0,0,0,"N",0,0.0,0,0,0,0,0,0,0,0,0,0,0,0
"48137","3","9241","76","0","2022","A","N","Edwards County, Texas","Local Government","NAICS 9241 Administration of environmental quality programs","County, NAICS 4-digit -- by ownership sector","All establishment sizes",1,0,0,0,0,0,0,"N",34.38,0,0,0,0,0,0,"N",0,0.0,0,0,0,0,0,0,0,0,0,0,0,0
"48137","3","92412","77","0","2022","A","N","Edwards County, Texas","Local Government","NAICS 92412 Administration of conservation programs","County, NAICS 5-digit -- by ownership sector","All establishment sizes",1,0,0,0,0,0,0,"N",57.18,0,0,0,0,0,0,"N",0,0.0,0,0,0,0,0,0,0,0,0,0,0,0
"48137","3","924120","78","0","2022","A","N","Edwards County, Texas","Local Government","NAICS 924120 Administration of conservation programs","County, NAICS 6-digit -- by ownership sector","All establishment sizes",1,0,0,0,0,0,0,"N",57.18,0,0,0,0,0,0,"N",0,0.0,0,0,0,0,0,0,0,0,0,0,0,0
"48137","5","10","71","0","2022","A","","Edwards County, Texas","Private","10 Total, all industries","County, Total -- by ownership sector","All establishment sizes",65,449,16961588,4698454,102763,726,37741,"",0.83,0.88,0.81,1.01,1.01,0.92,0.92,"",-3,-4.4,-46,-9.3,-3599440,-17.5,-2038382,-30.3,-56668,-35.5,-74,-9.2,-3838,-9.2
"48137","5","101","72","0","2022","A","","Edwards County, Texas","Private","101 Goods-producing","County, by Domain -- by ownership sector","All establishment sizes",22,51,1784358,557912,2895,667,34704,"",2.22,0.58,0.46,0.59,0.11,0.78,0.78,"",-3,-12.0,0,0.0,198730,12.5,8363,1.5,144,5.2,73,12.3,3815,12.4
"48137","5","1011","73","0","2022","A","","Edwards County, Texas","Private","1011 Natural resources and mining","County, by Supersector -- by ownership sector","All establishment sizes",16,37,1199365,392982,2385,628,32636,"",16.07,5.15,4.32,4.84,0.98,0.84,0.84,"",-4,-20.0,0,0.0,24416,2.1,7247,1.9,779,48.5,23,3.8,1164,3.7
"48137","5","1012","73","0","2022","A","N","Edwards County, Texas","Private","1012 Construction","County, by Supersector -- by ownership sector","All establishment sizes",5,0,0,0,0,0,0,"N",0.80,0,0,0,0,0,0,"N",1,25.0,0,0,0,0,0,0,0,0,0,0,0,0
"48137","5","1013","73","0","2022","A","N","Edwards County, Texas","Private","1013 Manufacturing","County, by Supersector -- by ownership sector","All establishment sizes",1,0,0,0,0,0,0,"N",0.38,0,0,0,0,0,0,"N",0,0.0,0,0,0,0,0,0,0,0,0,0,0,0
"48137","5","102","72","0","2022","A","","Edwards County, Texas","Private","102 Service-providing","County, by Domain -- by ownership sector","All establishment sizes",43,398,15177230,4140542,99868,733,38134,"",0.63,0.94,0.90,1.12,1.31,0.95,0.95,"",-1,-2.3,-45,-10.2,-3798170,-20.0,-2046745,-33.1,-56812,-36.3,-90,-10.9,-4684,-10.9
"48137","5","1021","73","0","2022","A","","Edwards County, Texas","Private","1021 Trade, transportation, and utilities","County, by Supersector -- by ownership sector","All establishment sizes",11,89,2492546,829614,4068,539,28006,"",0.78,0.79,0.66,0.80,0.21,0.83,0.83,"",1,10.0,-4,-4.3,116874,4.9,-83451,-9.1,-1847,-31.2,49,10.0,2530,9.9
"48137","5","1022","73","0","2022","A","N","Edwards County, Texas","Private","1022 Information","County, by Supersector -- by ownership sector","All establishment sizes",4,0,0,0,0,0,0,"N",2.19,0,0,0,0,0,0,"N",1,33.3,0,0,0,0,0,0,0,0,0,0,0,0
"48137","5","1023","73","0","2022","A","","Edwards County, Texas","Private","1023 Financial activities","County, by Supersector -- by ownership sector","All establishment sizes",5,16,1001184,179869,989,1203,62574,"",0.70,0.47,0.43,0.52,0.14,0.92,0.92,"",-2,-28.6,-1,-5.9,102022,11.3,14867,9.0,238,31.7,166,16.0,8624,16.0
"48137","5","1024","73","0","2022","A","N","Edwards County, Texas","Private","1024 Professional and business services","County, by Supersector -- by ownership sector","All establishment sizes",8,0,0,0,0,0,0,"N",0.50,0,0,0,0,0,0,"N",1,14.3,0,0,0,0,0,0,0,0,0,0,0,0
"48137","5","1025","73","0","2022","A","","Edwards County, Texas","Private","1025 Education and health services","County, by Supersector -- by ownership sector","All establishment sizes",7,94,3340501,830947,12243,685,35632,"",0.50,1.02,1.02,1.55,1.20,1.00,1.00,"",1,16.7,13,16.0,447034,15.4,49261,6.3,3277,36.5,-1,-0.1,-16,0.0
"48137","5","1026","73","0","2022","A","","Edwards County, Texas","Private","1026 Leisure and hospitality","County, by Supersector -- by ownership sector","All establishment sizes",3,13,286173,128494,397,421,21873,"",0.46,0.21,0.26,0.26,0.04,1.23,1.23,"",-2,-40.0,-8,-38.1,-191198,-40.1,-109289,-46.0,-332,-45.5,-25,-5.6,-1319,-5.7
"48137","5","1027","73","0","2022","A","N","Edwards County, Texas","Private","1027 Other services","County, by Supersector -- by ownership sector","All establishment sizes",5,0,0,0,0,0,0,"N",0.83,0,0,0,0,0,0,"N",0,0.0,0,0,0,0,0,0,0,0,0,0,0,0
"48137","5","11","74","0","2022","A","N","Edwards County, Texas","Private","NAICS 11 Agriculture, forestry, fishing and hunting","County, NAICS Sector -- by ownership sector","All establishment sizes",16,0,0,0,0,0,0,"N",20.50,0,0,0,0,0,0,"N",-3,-15.8,0,0,0,0,0,0,0,0,0,0,0,0
"48137","5","111","75","0","2022","A","N","Edwards County, Texas","Private","NAICS 111 Crop production","County, NAICS 3-digit -- by ownership sector","All establishment sizes",1,0,0,0,0,0,0,"N",2.83,0,0,0,0,0,0,"N",0,0.0,0,0,0,0,0,0,0,0,0,0,0,0
"48137","5","1111","76","0","2022","A","N","Edwards County, Texas","Private","NAICS 1111 Oilseed and grain farming","County, NAICS 4-digit -- by ownership sector","All establishment sizes",1,0,0,0,0,0,0,"N",10.48,0,0,0,0,0,0,"N",0,0.0,0,0,0,0,0,0,0,0,0,0,0,0
"48137","5","11115","77","0","2022","A","N","Edwards County, Texas","Private","NAICS 11115 Corn farming","County, NAICS 5-digit -- by ownership sector","All establishment sizes",1,0,0,0,0,0,0,"N",38.02,0,0,0,0,0,0,"N",0,0.0,0,0,0,0,0,0,0,0,0,0,0,0
"48137","5","111150","78","0","2022","A","N","Edwards County, Texas","Private","NAICS 111150 Corn farming","County, NAICS 6-digit -- by ownership sector","All establishment sizes",1,0,0,0,0,0,0,"N",38.02,0,0,0,0,0,0,"N",0,0.0,0,0,0,0,0,0,0,0,0,0,0,0
"48137","5","112","75","0","2022","A","","Edwards County, Texas","Private","NAICS 112 Animal production and aquaculture","County, NAICS 3-digit -- by ownership sector","All establishment sizes",11,26,834262,277353,1813,625,32504,"",56.39,24.87,29.17,23.97,13.16,1.19,1.19,"",-1,-8.3,1,4.0,6262,0.8,29260,11.8,842,86.7,-4,-0.6,-180,-0.6
"48137","5","1121","76","0","2022","A","","Edwards County, Texas","Private","NAICS 1121 Cattle ranching and farming","County, NAICS 4-digit -- by ownership sector","All establishment sizes",8,17,561117,191403,1546,644,33500,"",64.51,26.72,34.17,27.57,19.26,1.30,1.30,"",-1,-11.1,0,0.0,7235,1.3,38174,24.9,866,127.4,5,0.8,267,0.8
"48137","5","11211","77","0","2022","A","","Edwards County, Texas","Private","NAICS 11211 Beef cattle ranching and farming, including feedlots","County, NAICS 5-digit -- by ownership sector","All establishment sizes",8,17,561117,191403,1546,644,33500,"",105.42,77.59,98.17,84.66,55.86,1.28,1.28,"",-1,-11.1,0,0.0,7235,1.3,38174,24.9,866,127.4,5,0.8,267,0.8
"48137","5","112111","78","0","2022","A","","Edwards County, Texas","Private","NAICS 112111 Beef cattle ranching and farming","County, NAICS 6-digit -- by ownership sector","All establishment sizes",8,17,561117,191403,1546,644,33500,"",117.70,105.76,143.45,116.89,74.03,1.38,1.38,"",-1,-11.1,0,0.0,7235,1.3,38174,24.9,866,127.4,5,0.8,267,0.8
"48137","5","1124","76","0","2022","A","N","Edwards County, Texas","Private","NAICS 1124 Sheep and goat farming","County, NAICS 4-digit -- by ownership sector","All establishment sizes",2,0,0,0,0,0,0,"N",734.65,0,0,0,0,0,0,"N",0,0.0,0,0,0,0,0,0,0,0,0,0,0,0
"48137","5","11241","77","0","2022","A","N","Edwards County, Texas","Private","NAICS 11241 Sheep farming","County, NAICS 5-digit -- by ownership sector","All establishment sizes",1,0,0,0,0,0,0,"N",564.67,0,0,0,0,0,0,"N",0,0.0,0,0,0,0,0,0,0,0,0,0,0,0
"48137","5","112410","78","0","2022","A","N","Edwards County, Texas","Private","NAICS 112410 Sheep farming","County, NAICS 6-digit -- by ownership sector","All establishment sizes",1,0,0,0,0,0,0,"N",564.67,0,0,0,0,0,0,"N",0,0.0,0,0,0,0,0,0,0,0,0,0,0,0
"48137","5","11242","77","0","2022","A","N","Edwards County, Texas","Private","NAICS 11242 Goat farming","County, NAICS 5-digit -- by ownership sector","All establishment sizes",1,0,0,0,0,0,0,"N",1051.03,0,0,0,0,0,0,"N",0,0.0,0,0,0,0,0,0,0,0,0,0,0,0
"48137","5","112420","78","0","2022","A","N","Edwards County, Texas","Private","NAICS 112420 Goat farming","County, NAICS 6-digit -- by ownership sector","All establishment sizes",1,0,0,0,0,0,0,"N",1051.03,0,0,0,0,0,0,"N",0,0.0,0,0,0,0,0,0,0,0,0,0,0,0
"48137","5","1129","76","0","2022","A","N","Edwards County, Texas","Private","NAICS 1129 Other animal production","County, NAICS 4-digit -- by ownership sector","All establishment sizes",1,0,0,0,0,0,0,"N",35.76,0,0,0,0,0,0,"N",0,0.0,0,0,0,0,0,0,0,0,0,0,0,0
"48137","5","11299","77","0","2022","A","N","Edwards County, Texas","Private","NAICS 11299 All other animal production","County, NAICS 5-digit -- by ownership sector","All establishment sizes",1,0,0,0,0,0,0,"N",87.00,0,0,0,0,0,0,"N",0,0.0,0,0,0,0,0,0,0,0,0,0,0,0
"48137","5","112990","78","0","2022","A","N","Edwards County, Texas","Private","NAICS 112990 All other animal production","County, NAICS 6-digit -- by ownership sector","All establishment sizes",1,0,0,0,0,0,0,"N",87.00,0,0,0,0,0,0,"N",0,0.0,0,0,0,0,0,0,0,0,0,0,0,0
"48137","5","114","75","0","2022","A","N","Edwards County, Texas","Private","NAICS 114 Fishing, hunting and trapping","County, NAICS 3-digit -- by ownership sector","All establishment sizes",2,0,0,0,0,0,0,"N",104.72,0,0,0,0,0,0,"N",-1,-33.3,0,0,0,0,0,0,0,0,0,0,0,0
"48137","5","1142","76","0","2022","A","N","Edwards County, Texas","Private","NAICS 1142 Hunting and trapping","County, NAICS 4-digit -- by ownership sector","All establishment sizes",2,0,0,0,0,0,0,"N",518.89,0,0,0,0,0,0,"N",-1,-33.3,0,0,0,0,0,0,0,0,0,0,0,0
"48137","5","11421","77","0","2022","A","N","Edwards County, Texas","Private","NAICS 11421 Hunting and trapping","County, NAICS 5-digit -- by ownership sector","All establishment sizes",2,0,0,0,0,0,0,"N",518.89,0,0,0,0,0,0,"N",-1,-33.3,0,0,0,0,0,0,0,0,0,0,0,0
"48137","5","114210","78","0","2022","A","N","Edwards County, Texas","Private","NAICS 114210 Hunting and trapping","County, NAICS 6-digit -- by ownership sector","All establishment sizes",2,0,0,0,0,0,0,"N",518.89,0,0,0,0,0,0,"N",-1,-33.3,0,0,0,0,0,0,0,0,0,0,0,0
"48137","5","115","75","0","2022","A","N","Edwards County, Texas","Private","NAICS 115 Support activities for agriculture and forestry","County, NAICS 3-digit -- by ownership sector","All establishment sizes",2,0,0,0,0,0,0,"N",13.35,0,0,0,0,0,0,"N",-1,-33.3,0,0,0,0,0,0,0,0,0,0,0,0
"48137","5","1151","76","0","2022","A","N","Edwards County, Texas","Private","NAICS 1151 Support activities for crop production","County, NAICS 4-digit -- by ownership sector","All establishment sizes",2,0,0,0,0,0,0,"N",22.97,0,0,0,0,0,0,"N",0,0.0,0,0,0,0,0,0,0,0,0,0,0,0
"48137","5","11511","77","0","2022","A","N","Edwards County, Texas","Private","NAICS 11511 Support activities for crop production","County, NAICS 5-digit -- by ownership sector","All establishment sizes",2,0,0,0,0,0,0,"N",22.97,0,0,0,0,0,0,"N",0,0.0,0,0,0,0,0,0,0,0,0,0,0,0
"48137","5","115116","78","0","2022","A","N","Edwards County, Texas","Private","NAICS 115116 Farm management services","County, NAICS 6-digit -- by ownership sector","All establishment sizes",2,0,0,0,0,0,0,"N",164.56,0,0,0,0,0,0,"N",0,0.0,0,0,0,0,0,0,0,0,0,0,0,0
"48137","5","21","74","0","2022","A","N","Edwards County, Texas","Private","NAICS 21 Mining, quarrying, and oil and gas extraction","County, NAICS Sector -- by ownership sector","All establishment sizes",0,0,0,0,0,0,0,"N",0.00,0,0,0,0,0,0,"N",-1,-100.0,0,0,0,0,0,0,0,0,0,0,0,0
"48137","5","213","75","0","2022","A","N","Edwards County, Texas","Private","NAICS 213 Support activities for mining","County, NAICS 3-digit -- by ownership sector","All establishment sizes",0,0,0,0,0,0,0,"N",0.00,0,0,0,0,0,0,"N",-1,-100.0,0,0,0,0,0,0,0,0,0,0,0,0
"48137","5","2131","76","0","2022","A","N","Edwards County, Texas","Private","NAICS 2131 Support activities for mining","County, NAICS 4-digit -- by ownership sector","All establishment sizes",0,0,0,0,0,0,0,"N",0.00,0,0,0,0,0,0,"N",-1,-100.0,0,0,0,0,0,0,0,0,0,0,0,0
"48137","5","21311","77","0","2022","A","N","Edwards County, Texas","Private","NAICS 21311 Support activities for mining","County, NAICS 5-digit -- by ownership sector","All establishment sizes",0,0,0,0,0,0,0,"N",0.00,0,0,0,0,0,0,"N",-1,-100.0,0,0,0,0,0,0,0,0,0,0,0,0
"48137","5","213112","78","0","2022","A","N","Edwards County, Texas","Private","NAICS 213112 Support activities for oil and gas operations","County, NAICS 6-digit -- by ownership sector","All establishment sizes",0,0,0,0,0,0,0,"N",0.00,0,0,0,0,0,0,"N",-1,-100.0,0,0,0,0,0,0,0,0,0,0,0,0
"48137","5","23","74","0","2022","A","N","Edwards County, Texas","Private","NAICS 23 Construction","County, NAICS Sector -- by ownership sector","All establishment sizes",5,0,0,0,0,0,0,"N",0.80,0,0,0,0,0,0,"N",1,25.0,0,0,0,0,0,0,0,0,0,0,0,0
"48137","5","237","75","0","2022","A","N","Edwards County, Texas","Private","NAICS 237 Heavy and civil engineering construction","County, NAICS 3-digit -- by ownership sector","All establishment sizes",2,0,0,0,0,0,0,"N",5.16,0,0,0,0,0,0,"N",1,100.0,0,0,0,0,0,0,0,0,0,0,0,0
"48137","5","2371","76","0","2022","A","N","Edwards County, Texas","Private","NAICS 2371 Utility system construction","County, NAICS 4-digit -- by ownership sector","All establishment sizes",2,0,0,0,0,0,0,"N",10.01,0,0,0,0,0,0,"N",1,100.0,0,0,0,0,0,0,0,0,0,0,0,0
"48137","5","23711","77","0","2022","A","N","Edwards County, Texas","Private","NAICS 23711 Water and sewer line and related structures construction","County, NAICS 5-digit -- by ownership sector","All establishment sizes",1,0,0,0,0,0,0,"N",11.31,0,0,0,0,0,0,"N",0,0.0,0,0,0,0,0,0,0,0,0,0,0,0
"48137","5","237110","78","0","2022","A","N","Edwards County, Texas","Private","NAICS 237110 Water and sewer line and related structures construction","County, NAICS 6-digit -- by ownership sector","All establishment sizes",1,0,0,0,0,0,0,"N",11.31,0,0,0,0,0,0,"N",0,0.0,0,0,0,0,0,0,0,0,0,0,0,0
"48137","5","23713","77","0","2022","A","N","Edwards County, Texas","Private","NAICS 23713 Power and communication line and related structures construction","County, NAICS 5-digit -- by ownership sector","All establishment sizes",1,0,0,0,0,0,0,"N",12.27,0,0,0,0,0,0,"N",1,100.0,0,0,0,0,0,0,0,0,0,0,0,0
"48137","5","237130","78","0","2022","A","N","Edwards County, Texas","Private","NAICS 237130 Power and communication line and related structures construction","County, NAICS 6-digit -- by ownership sector","All establishment sizes",1,0,0,0,0,0,0,"N",12.27,0,0,0,0,0,0,"N",1,100.0,0,0,0,0,0,0,0,0,0,0,0,0
"48137","5","238","75","0","2022","A","","Edwards County, Texas","Private","NAICS 238 Specialty trade contractors","County, NAICS 3-digit -- by ownership sector","All establishment sizes",3,6,281545,67085,207,878,45656,"",0.76,0.31,0.37,0.30,0.03,1.15,1.15,"",0,0.0,-1,-14.3,31374,12.5,-27534,-29.1,-727,-77.8,138,18.6,7168,18.6
"48137","5","2381","76","0","2022","A","N","Edwards County, Texas","Private","NAICS 2381 Building foundation and exterior contractors","County, NAICS 4-digit -- by ownership sector","All establishment sizes",2,0,0,0,0,0,0,"N",2.55,0,0,0,0,0,0,"N",0,0.0,0,0,0,0,0,0,0,0,0,0,0,0
"48137","5","23812","77","0","2022","A","N","Edwards County, Texas","Private","NAICS 23812 Steel and precast concrete contractors","County, NAICS 5-digit -- by ownership sector","All establishment sizes",2,0,0,0,0,0,0,"N",52.47,0,0,0,0,0,0,"N",0,0.0,0,0,0,0,0,0,0,0,0,0,0,0
"48137","5","238121","78","0","2022","A","N","Edwards County, Texas","Private","NAICS 238121 Residential structural steel contractors","County, NAICS 6-digit -- by ownership sector","All establishment sizes",2,0,0,0,0,0,0,"N",194.85,0,0,0,0,0,0,"N",0,0.0,0,0,0,0,0,0,0,0,0,0,0,0
"48137","5","2389","76","0","2022","A","N","Edwards County, Texas","Private","NAICS 2389 Other specialty trade contractors","County, NAICS 4-digit -- by ownership sector","All establishment sizes",1,0,0,0,0,0,0,"N",1.56,0,0,0,0,0,0,"N",0,0.0,0,0,0,0,0,0,0,0,0,0,0,0
"48137","5","23891","77","0","2022","A","N","Edwards County, Texas","Private","NAICS 23891 Site preparation contractors","County, NAICS 5-digit -- by ownership sector","All establishment sizes",1,0,0,0,0,0,0,"N",3.57,0,0,0,0,0,0,"N",0,0.0,0,0,0,0,0,0,0,0,0,0,0,0
"48137","5","238912","78","0","2022","A","N","Edwards County, Texas","Private","NAICS 238912 Nonresidential site preparation contractors","County, NAICS 6-digit -- by ownership sector","All establishment sizes",1,0,0,0,0,0,0,"N",8.51,0,0,0,0,0,0,"N",0,0.0,0,0,0,0,0,0,0,0,0,0,0,0
"48137","5","31-33","74","0","2022","A","N","Edwards County, Texas","Private","NAICS 31-33 Manufacturing","County, NAICS Sector -- by ownership sector","All establishment sizes",1,0,0,0,0,0,0,"N",0.38,0,0,0,0,0,0,"N",0,0.0,0,0,0,0,0,0,0,0,0,0,0,0
"48137","5","327","75","0","2022","A","N","Edwards County, Texas","Private","NAICS 327 Nonmetallic mineral product manufacturing","County, NAICS 3-digit -- by ownership sector","All establishment sizes",1,0,0,0,0,0,0,"N",8.33,0,0,0,0,0,0,"N",0,0.0,0,0,0,0,0,0,0,0,0,0,0,0
"48137","5","3273","76","0","2022","A","N","Edwards County, Texas","Private","NAICS 3273 Cement and concrete product manufacturing","County, NAICS 4-digit -- by ownership sector","All establishment sizes",1,0,0,0,0,0,0,"N",15.69,0,0,0,0,0,0,"N",0,0.0,0,0,0,0,0,0,0,0,0,0,0,0
"48137","5","32732","77","0","2022","A","N","Edwards County, Texas","Private","NAICS 32732 Ready-mix concrete manufacturing","County, NAICS 5-digit -- by ownership sector","All establishment sizes",1,0,0,0,0,0,0,"N",25.78,0,0,0,0,0,0,"N",0,0.0,0,0,0,0,0,0,0,0,0,0,0,0
"48137","5","327320","78","0","2022","A","N","Edwards County, Texas","Private","NAICS 327320 Ready-mix concrete manufacturing","County, NAICS 6-digit -- by ownership sector","All establishment sizes",1,0,0,0,0,0,0,"N",25.78,0,0,0,0,0,0,"N",0,0.0,0,0,0,0,0,0,0,0,0,0,0,0
"48137","5","333","75","0","2022","A","N","Edwards County, Texas","Private","NAICS 333 Machinery manufacturing","County, NAICS 3-digit -- by ownership sector","All establishment sizes",0,0,0,0,0,0,0,"N",0.00,0,0,0,0,0,0,"N",0,0,0,0,0,0,0,0,0,0,0,0,0,0
"48137","5","3336","76","0","2022","A","N","Edwards County, Texas","Private","NAICS 3336 Engine, turbine, and power transmission equipment manufacturing","County, NAICS 4-digit -- by ownership sector","All establishment sizes",0,0,0,0,0,0,0,"N",0.00,0,0,0,0,0,0,"N",0,0,0,0,0,0,0,0,0,0,0,0,0,0
"48137","5","33361","77","0","2022","A","N","Edwards County, Texas","Private","NAICS 33361 Engine, turbine, and power transmission equipment manufacturing","County, NAICS 5-digit -- by ownership sector","All establishment sizes",0,0,0,0,0,0,0,"N",0.00,0,0,0,0,0,0,"N",0,0,0,0,0,0,0,0,0,0,0,0,0,0
"48137","5","333611","78","0","2022","A","N","Edwards County, Texas","Private","NAICS 333611 Turbine and turbine generator set units manufacturing","County, NAICS 6-digit -- by ownership sector","All establishment sizes",0,0,0,0,0,0,0,"N",0.00,0,0,0,0,0,0,"N",0,0,0,0,0,0,0,0,0,0,0,0,0,0
"48137","5","42","74","0","2022","A","N","Edwards County, Texas","Private","NAICS 42 Wholesale trade","County, NAICS Sector -- by ownership sector","All establishment sizes",1,0,0,0,0,0,0,"N",0.23,0,0,0,0,0,0,"N",0,0.0,0,0,0,0,0,0,0,0,0,0,0,0
"48137","5","424","75","0","2022","A","N","Edwards County, Texas","Private","NAICS 424 Merchant wholesalers, nondurable goods","County, NAICS 3-digit -- by ownership sector","All establishment sizes",1,0,0,0,0,0,0,"N",0.81,0,0,0,0,0,0,"N",0,0.0,0,0,0,0,0,0,0,0,0,0,0,0
"48137","5","4245","76","0","2022","A","N","Edwards County, Texas","Private","NAICS 4245 Farm product raw material merchant wholesalers","County, NAICS 4-digit -- by ownership sector","All establishment sizes",1,0,0,0,0,0,0,"N",20.63,0,0,0,0,0,0,"N",0,0.0,0,0,0,0,0,0,0,0,0,0,0,0
"48137","5","42459","77","0","2022","A","N","Edwards County, Texas","Private","NAICS 42459 Other farm product raw material merchant wholesalers","County, NAICS 5-digit -- by ownership sector","All establishment sizes",1,0,0,0,0,0,0,"N",82.99,0,0,0,0,0,0,"N",0,0.0,0,0,0,0,0,0,0,0,0,0,0,0
"48137","5","424590","78","0","2022","A","N","Edwards County, Texas","Private","NAICS 424590 Other farm product raw material merchant wholesalers","County, NAICS 6-digit -- by ownership sector","All establishment sizes",1,0,0,0,0,0,0,"N",82.99,0,0,0,0,0,0,"N",0,0.0,0,0,0,0,0,0,0,0,0,0,0,0
"48137","5","44-45","74","0","2022","A","","Edwards County, Texas","Private","NAICS 44-45 Retail trade","County, NAICS Sector -- by ownership sector","All establishment sizes",7,73,1871306,708113,3691,492,25576,"",0.95,1.19,1.30,1.37,0.43,1.09,1.09,"",1,16.7,-2,-2.7,77681,4.3,-7694,-1.1,483,15.1,29,6.3,1500,6.2
"48137","5","444","75","0","2022","A","N","Edwards County, Texas","Private","NAICS 444 Building material and garden equipment and supplies dealers","County, NAICS 3-digit -- by ownership sector","All establishment sizes",1,0,0,0,0,0,0,"N",2.00,0,0,0,0,0,0,"N",0,0.0,0,0,0,0,0,0,0,0,0,0,0,0
"48137","5","4441","76","0","2022","A","N","Edwards County, Texas","Private","NAICS 4441 Building material and supplies dealers","County, NAICS 4-digit -- by ownership sector","All establishment sizes",1,0,0,0,0,0,0,"N",2.65,0,0,0,0,0,0,"N",0,0.0,0,0,0,0,0,0,0,0,0,0,0,0
"48137","5","44414","77","0","2022","A","N","Edwards County, Texas","Private","NAICS 44414 Hardware retailers","County, NAICS 5-digit -- by ownership sector","All establishment sizes",1,0,0,0,0,0,0,"N",9.31,0,0,0,0,0,0,"N",1,100.0,0,0,0,0,0,0,0,0,0,0,0,0
"48137","5","444140","78","0","2022","A","N","Edwards County, Texas","Private","NAICS 444140 Hardware retailers","County, NAICS 6-digit -- by ownership sector","All establishment sizes",1,0,0,0,0,0,0,"N",9.31,0,0,0,0,0,0,"N",1,100.0,0,0,0,0,0,0,0,0,0,0,0,0
"48137","5","445","75","0","2022","A","N","Edwards County, Texas","Private","NAICS 445 Food and beverage retailers","County, NAICS 3-digit -- by ownership sector","All establishment sizes",2,0,0,0,0,0,0,"N",1.82,0,0,0,0,0,0,"N",1,100.0,0,0,0,0,0,0,0,0,0,0,0,0
"48137","5","4451","76","0","2022","A","N","Edwards County, Texas","Private","NAICS 4451 Grocery and convenience retailers","County, NAICS 4-digit -- by ownership sector","All establishment sizes",1,0,0,0,0,0,0,"N",1.49,0,0,0,0,0,0,"N",0,0.0,0,0,0,0,0,0,0,0,0,0,0,0
"48137","5","44511","77","0","2022","A","N","Edwards County, Texas","Private","NAICS 44511 Supermarkets and other grocery retailers (except convenience retailers)","County, NAICS 5-digit -- by ownership sector","All establishment sizes",1,0,0,0,0,0,0,"N",2.48,0,0,0,0,0,0,"N",0,0.0,0,0,0,0,0,0,0,0,0,0,0,0
"48137","5","445110","78","0","2022","A","N","Edwards County, Texas","Private","NAICS 445110 Supermarkets and other grocery retailers (except convenience retailers)","County, NAICS 6-digit -- by ownership sector","All establishment sizes",1,0,0,0,0,0,0,"N",2.48,0,0,0,0,0,0,"N",0,0.0,0,0,0,0,0,0,0,0,0,0,0,0
"48137","5","4453","76","0","2022","A","N","Edwards County, Texas","Private","NAICS 4453 Beer, wine, and liquor retailers","County, NAICS 4-digit -- by ownership sector","All establishment sizes",1,0,0,0,0,0,0,"N",4.34,0,0,0,0,0,0,"N",1,100.0,0,0,0,0,0,0,0,0,0,0,0,0
"48137","5","44532","77","0","2022","A","N","Edwards County, Texas","Private","NAICS 44532 Beer, wine, and liquor retailers","County, NAICS 5-digit -- by ownership sector","All establishment sizes",1,0,0,0,0,0,0,"N",4.34,0,0,0,0,0,0,"N",1,100.0,0,0,0,0,0,0,0,0,0,0,0,0
"48137","5","445320","78","0","2022","A","N","Edwards County, Texas","Private","NAICS 445320 Beer, wine, and liquor retailers","County, NAICS 6-digit -- by ownership sector","All establishment sizes",1,0,0,0,0,0,0,"N",4.34,0,0,0,0,0,0,"N",1,100.0,0,0,0,0,0,0,0,0,0,0,0,0
"48137","5","455","75","0","2022","A","N","Edwards County, Texas","Private","NAICS 455 General merchandise retailers","County, NAICS 3-digit -- by ownership sector","All establishment sizes",1,0,0,0,0,0,0,"N",1.89,0,0,0,0,0,0,"N",1,100.0,0,0,0,0,0,0,0,0,0,0,0,0
"48137","5","4552","76","0","2022","A","N","Edwards County, Texas","Private","NAICS 4552 Warehouse clubs, supercenters, and other general merchandise retailers","County, NAICS 4-digit -- by ownership sector","All establishment sizes",1,0,0,0,0,0,0,"N",2.22,0,0,0,0,0,0,"N",1,100.0,0,0,0,0,0,0,0,0,0,0,0,0
"48137","5","45521","77","0","2022","A","N","Edwards County, Texas","Private","NAICS 45521 Warehouse clubs, supercenters, and other general merchandise retailers","County, NAICS 5-digit -- by ownership sector","All establishment sizes",1,0,0,0,0,0,0,"N",2.22,0,0,0,0,0,0,"N",1,100.0,0,0,0,0,0,0,0,0,0,0,0,0
"48137","5","455219","78","0","2022","A","N","Edwards County, Texas","Private","NAICS 455219 All other general merchandise retailers","County, NAICS 6-digit -- by ownership sector","All establishment sizes",1,0,0,0,0,0,0,"N",2.46,0,0,0,0,0,0,"N",1,100.0,0,0,0,0,0,0,0,0,0,0,0,0
"48137","5","457","75","0","2022","A","","Edwards County, Texas","Private","NAICS 457 Gasoline stations and fuel dealers","County, NAICS 3-digit -- by ownership sector","All establishment sizes",3,42,1092749,418048,1298,503,26174,"",3.69,10.30,14.47,11.03,2.28,1.41,1.41,"N",3,100.0,0,0,0,0,0,0,0,0,0,0,0,0
"48137","5","4571","76","0","2022","A","N","Edwards County, Texas","Private","NAICS 4571 Gasoline stations","County, NAICS 4-digit -- by ownership sector","All establishment sizes",2,0,0,0,0,0,0,"N",2.64,0,0,0,0,0,0,"N",2,100.0,0,0,0,0,0,0,0,0,0,0,0,0
"48137","5","45711","77","0","2022","A","N","Edwards County, Texas","Private","NAICS 45711 Gasoline stations with convenience stores","County, NAICS 5-digit -- by ownership sector","All establishment sizes",2,0,0,0,0,0,0,"N",2.89,0,0,0,0,0,0,"N",2,100.0,0,0,0,0,0,0,0,0,0,0,0,0
"48137","5","457110","78","0","2022","A","N","Edwards County, Texas","Private","NAICS 457110 Gasoline stations with convenience stores","County, NAICS 6-digit -- by ownership sector","All establishment sizes",2,0,0,0,0,0,0,"N",2.89,0,0,0,0,0,0,"N",2,100.0,0,0,0,0,0,0,0,0,0,0,0,0
"48137","5","4572","76","0","2022","A","N","Edwards County, Texas","Private","NAICS 4572 Fuel dealers","County, NAICS 4-digit -- by ownership sector","All establishment sizes",1,0,0,0,0,0,0,"N",18.38,0,0,0,0,0,0,"N",1,100.0,0,0,0,0,0,0,0,0,0,0,0,0
"48137","5","45721","77","0","2022","A","N","Edwards County, Texas","Private","NAICS 45721 Fuel dealers","County, NAICS 5-digit -- by ownership sector","All establishment sizes",1,0,0,0,0,0,0,"N",18.38,0,0,0,0,0,0,"N",1,100.0,0,0,0,0,0,0,0,0,0,0,0,0
"48137","5","457210","78","0","2022","A","N","Edwards County, Texas","Private","NAICS 457210 Fuel dealers","County, NAICS 6-digit -- by ownership sector","All establishment sizes",1,0,0,0,0,0,0,"N",18.38,0,0,0,0,0,0,"N",1,100.0,0,0,0,0,0,0,0,0,0,0,0,0
"48137","5","48-49","74","0","2022","A","N","Edwards County, Texas","Private","NAICS 48-49 Transportation and warehousing","County, NAICS Sector -- by ownership sector","All establishment sizes",3,0,0,0,0,0,0,"N",1.39,0,0,0,0,0,0,"N",0,0.0,0,0,0,0,0,0,0,0,0,0,0,0
"48137","5","484","75","0","2022","A","N","Edwards County, Texas","Private","NAICS 484 Truck transportation","County, NAICS 3-digit -- by ownership sector","All establishment sizes",2,0,0,0,0,0,0,"N",1.65,0,0,0,0,0,0,"N",0,0.0,0,0,0,0,0,0,0,0,0,0,0,0
"48137","5","4842","76","0","2022","A","N","Edwards County, Texas","Private","NAICS 4842 Specialized freight trucking","County, NAICS 4-digit -- by ownership sector","All establishment sizes",2,0,0,0,0,0,0,"N",5.31,0,0,0,0,0,0,"N",0,0.0,0,0,0,0,0,0,0,0,0,0,0,0
"48137","5","48422","77","0","2022","A","N","Edwards County, Texas","Private","NAICS 48422 Specialized freight (except used goods) trucking, local","County, NAICS 5-digit -- by ownership sector","All establishment sizes",1,0,0,0,0,0,0,"N",4.58,0,0,0,0,0,0,"N",0,0.0,0,0,0,0,0,0,0,0,0,0,0,0
"48137","5","484220","78","0","2022","A","N","Edwards County, Texas","Private","NAICS 484220 Specialized freight (except used goods) trucking, local","County, NAICS 6-digit -- by ownership sector","All establishment sizes",1,0,0,0,0,0,0,"N",4.58,0,0,0,0,0,0,"N",0,0.0,0,0,0,0,0,0,0,0,0,0,0,0
"48137","5","48423","77","0","2022","A","N","Edwards County, Texas","Private","NAICS 48423 Specialized freight (except used goods) trucking, long-distance","County, NAICS 5-digit -- by ownership sector","All establishment sizes",1,0,0,0,0,0,0,"N",11.25,0,0,0,0,0,0,"N",0,0.0,0,0,0,0,0,0,0,0,0,0,0,0
"48137","5","484230","78","0","2022","A","N","Edwards County, Texas","Private","NAICS 484230 Specialized freight (except used goods) trucking, long-distance","County, NAICS 6-digit -- by ownership sector","All establishment sizes",1,0,0,0,0,0,0,"N",11.25,0,0,0,0,0,0,"N",0,0.0,0,0,0,0,0,0,0,0,0,0,0,0
"48137","5","488","75","0","2022","A","N","Edwards County, Texas","Private","NAICS 488 Support activities for transportation","County, NAICS 3-digit -- by ownership sector","All establishment sizes",1,0,0,0,0,0,0,"N",2.64,0,0,0,0,0,0,"N",0,0.0,0,0,0,0,0,0,0,0,0,0,0,0
"48137","5","4884","76","0","2022","A","N","Edwards County, Texas","Private","NAICS 4884 Support activities for road transportation","County, NAICS 4-digit -- by ownership sector","All establishment sizes",1,0,0,0,0,0,0,"N",9.73,0,0,0,0,0,0,"N",0,0.0,0,0,0,0,0,0,0,0,0,0,0,0
"48137","5","48841","77","0","2022","A","N","Edwards County, Texas","Private","NAICS 48841 Motor vehicle towing","County, NAICS 5-digit -- by ownership sector","All establishment sizes",1,0,0,0,0,0,0,"N",13.82,0,0,0,0,0,0,"N",0,0.0,0,0,0,0,0,0,0,0,0,0,0,0
"48137","5","488410","78","0","2022","A","N","Edwards County, Texas","Private","NAICS 488410 Motor vehicle towing","County, NAICS 6-digit -- by ownership sector","All establishment sizes",1,0,0,0,0,0,0,"N",13.82,0,0,0,0,0,0,"N",0,0.0,0,0,0,0,0,0,0,0,0,0,0,0
"48137","5","51","74","0","2022","A","N","Edwards County, Texas","Private","NAICS 51 Information","County, NAICS Sector -- by ownership sector","All establishment sizes",4,0,0,0,0,0,0,"N",2.19,0,0,0,0,0,0,"N",1,33.3,0,0,0,0,0,0,0,0,0,0,0,0
"48137","5","513","75","0","2022","A","N","Edwards County, Texas","Private","NAICS 513 Publishing industries","County, NAICS 3-digit -- by ownership sector","All establishment sizes",2,0,0,0,0,0,0,"N",2.73,0,0,0,0,0,0,"N",2,100.0,0,0,0,0,0,0,0,0,0,0,0,0
"48137","5","5131","76","0","2022","A","N","Edwards County, Texas","Private","NAICS 5131 Newspaper, periodical, book, and directory publishers","County, NAICS 4-digit -- by ownership sector","All establishment sizes",2,0,0,0,0,0,0,"N",9.51,0,0,0,0,0,0,"N",2,100.0,0,0,0,0,0,0,0,0,0,0,0,0
"48137","5","51311","77","0","2022","A","N","Edwards County, Texas","Private","NAICS 51311 Newspaper publishers","County, NAICS 5-digit -- by ownership sector","All establishment sizes",1,0,0,0,0,0,0,"N",19.53,0,0,0,0,0,0,"N",1,100.0,0,0,0,0,0,0,0,0,0,0,0,0
"48137","5","513110","78","0","2022","A","N","Edwards County, Texas","Private","NAICS 513110 Newspaper publishers","County, NAICS 6-digit -- by ownership sector","All establishment sizes",1,0,0,0,0,0,0,"N",19.53,0,0,0,0,0,0,"N",1,100.0,0,0,0,0,0,0,0,0,0,0,0,0
"48137","5","51319","77","0","2022","A","N","Edwards County, Texas","Private","NAICS 51319 Other publishers","County, NAICS 5-digit -- by ownership sector","All establishment sizes",1,0,0,0,0,0,0,"N",17.50,0,0,0,0,0,0,"N",1,100.0,0,0,0,0,0,0,0,0,0,0,0,0
"48137","5","513199","78","0","2022","A","N","Edwards County, Texas","Private","NAICS 513199 All other publishers","County, NAICS 6-digit -- by ownership sector","All establishment sizes",1,0,0,0,0,0,0,"N",17.78,0,0,0,0,0,0,"N",1,100.0,0,0,0,0,0,0,0,0,0,0,0,0
"48137","5","517","75","0","2022","A","N","Edwards County, Texas","Private","NAICS 517 Telecommunications","County, NAICS 3-digit -- by ownership sector","All establishment sizes",2,0,0,0,0,0,0,"N",7.76,0,0,0,0,0,0,"N",1,100.0,0,0,0,0,0,0,0,0,0,0,0,0
"48137","5","5171","76","0","2022","A","N","Edwards County, Texas","Private","NAICS 5171 Wired and wireless telecommunications (except satellite)","County, NAICS 4-digit -- by ownership sector","All establishment sizes",2,0,0,0,0,0,0,"N",9.17,0,0,0,0,0,0,"N",2,100.0,0,0,0,0,0,0,0,0,0,0,0,0
"48137","5","51711","77","0","2022","A","N","Edwards County, Texas","Private","NAICS 51711 Wired and wireless telecommunications carriers (except satellite)","County, NAICS 5-digit -- by ownership sector","All establishment sizes",2,0,0,0,0,0,0,"N",10.71,0,0,0,0,0,0,"N",2,100.0,0,0,0,0,0,0,0,0,0,0,0,0
"48137","5","517111","78","0","2022","A","N","Edwards County, Texas","Private","NAICS 517111 Wired telecommunications carriers","County, NAICS 6-digit -- by ownership sector","All establishment sizes",2,0,0,0,0,0,0,"N",14.32,0,0,0,0,0,0,"N",2,100.0,0,0,0,0,0,0,0,0,0,0,0,0
"48137","5","52","74","0","2022","A","N","Edwards County, Texas","Private","NAICS 52 Finance and insurance","County, NAICS Sector -- by ownership sector","All establishment sizes",2,0,0,0,0,0,0,"N",0.51,0,0,0,0,0,0,"N",-1,-33.3,0,0,0,0,0,0,0,0,0,0,0,0
"48137","5","522","75","0","2022","A","N","Edwards County, Texas","Private","NAICS 522 Credit intermediation and related activities","County, NAICS 3-digit -- by ownership sector","All establishment sizes",1,0,0,0,0,0,0,"N",0.74,0,0,0,0,0,0,"N",-1,-50.0,0,0,0,0,0,0,0,0,0,0,0,0
"48137","5","5221","76","0","2022","A","N","Edwards County, Texas","Private","NAICS 5221 Depository credit intermediation","County, NAICS 4-digit -- by ownership sector","All establishment sizes",1,0,0,0,0,0,0,"N",1.35,0,0,0,0,0,0,"N",0,0.0,0,0,0,0,0,0,0,0,0,0,0,0
"48137","5","52211","77","0","2022","A","N","Edwards County, Texas","Private","NAICS 52211 Commercial banking","County, NAICS 5-digit -- by ownership sector","All establishment sizes",1,0,0,0,0,0,0,"N",1.79,0,0,0,0,0,0,"N",0,0.0,0,0,0,0,0,0,0,0,0,0,0,0
"48137","5","522110","78","0","2022","A","N","Edwards County, Texas","Private","NAICS 522110 Commercial banking","County, NAICS 6-digit -- by ownership sector","All establishment sizes",1,0,0,0,0,0,0,"N",1.79,0,0,0,0,0,0,"N",0,0.0,0,0,0,0,0,0,0,0,0,0,0,0
"48137","5","524","75","0","2022","A","N","Edwards County, Texas","Private","NAICS 524 Insurance carriers and related activities","County, NAICS 3-digit -- by ownership sector","All establishment sizes",1,0,0,0,0,0,0,"N",0.66,0,0,0,0,0,0,"N",0,0.0,0,0,0,0,0,0,0,0,0,0,0,0
"48137","5","5242","76","0","2022","A","N","Edwards County, Texas","Private","NAICS 5242 Agencies, brokerages, and other insurance related activities","County, NAICS 4-digit -- by ownership sector","All establishment sizes",1,0,0,0,0,0,0,"N",0.79,0,0,0,0,0,0,"N",0,0.0,0,0,0,0,0,0,0,0,0,0,0,0
"48137","5","52421","77","0","2022","A","N","Edwards County, Texas","Private","NAICS 52421 Insurance agencies and brokerages","County, NAICS 5-digit -- by ownership sector","All establishment sizes",1,0,0,0,0,0,0,"N",0.92,0,0,0,0,0,0,"N",0,0.0,0,0,0,0,0,0,0,0,0,0,0,0
"48137","5","524210","78","0","2022","A","N","Edwards County, Texas","Private","NAICS 524210 Insurance agencies and brokerages","County, NAICS 6-digit -- by ownership sector","All establishment sizes",1,0,0,0,0,0,0,"N",0.92,0,0,0,0,0,0,"N",0,0.0,0,0,0,0,0,0,0,0,0,0,0,0
"48137","5","53","74","0","2022","A","N","Edwards County, Texas","Private","NAICS 53 Real estate and rental and leasing","County, NAICS Sector -- by ownership sector","All establishment sizes",3,0,0,0,0,0,0,"N",0.91,0,0,0,0,0,0,"N",-1,-25.0,0,0,0,0,0,0,0,0,0,0,0,0
"48137","5","531","75","0","2022","A","N","Edwards County, Texas","Private","NAICS 531 Real estate","County, NAICS 3-digit -- by ownership sector","All establishment sizes",3,0,0,0,0,0,0,"N",1.05,0,0,0,0,0,0,"N",-1,-25.0,0,0,0,0,0,0,0,0,0,0,0,0
"48137","5","5312","76","0","2022","A","","Edwards County, Texas","Private","NAICS 5312 Offices of real estate agents and brokers","County, NAICS 4-digit -- by ownership sector","All establishment sizes",3,4,359318,45000,140,1928,100275,"",2.74,2.69,4.72,2.97,0.44,1.96,1.96,"N",0,0.0,0,0,0,0,0,0,0,0,0,0,0,0
"48137","5","53121","77","0","2022","A","","Edwards County, Texas","Private","NAICS 53121 Offices of real estate agents and brokers","County, NAICS 5-digit -- by ownership sector","All establishment sizes",3,4,359318,45000,140,1928,100275,"",2.74,2.69,4.72,2.97,0.44,1.96,1.96,"N",0,0.0,0,0,0,0,0,0,0,0,0,0,0,0
"48137","5","531210","78","0","2022","A","","Edwards County, Texas","Private","NAICS 531210 Offices of real estate agents and brokers","County, NAICS 6-digit -- by ownership sector","All establishment sizes",3,4,359318,45000,140,1928,100275,"",2.74,2.69,4.72,2.97,0.44,1.96,1.96,"N",0,0.0,0,0,0,0,0,0,0,0,0,0,0,0
"48137","5","5313","76","0","2022","A","N","Edwards County, Texas","Private","NAICS 5313 Activities related to real estate","County, NAICS 4-digit -- by ownership sector","All establishment sizes",0,0,0,0,0,0,0,"N",0.00,0,0,0,0,0,0,"N",0,0,0,0,0,0,0,0,0,0,0,0,0,0
"48137","5","53139","77","0","2022","A","N","Edwards County, Texas","Private","NAICS 53139 Other activities related to real estate","County, NAICS 5-digit -- by ownership sector","All establishment sizes",0,0,0,0,0,0,0,"N",0.00,0,0,0,0,0,0,"N",0,0,0,0,0,0,0,0,0,0,0,0,0,0
"48137","5","531390","78","0","2022","A","N","Edwards County, Texas","Private","NAICS 531390 Other activities related to real estate","County, NAICS 6-digit -- by ownership sector","All establishment sizes",0,0,0,0,0,0,0,"N",0.00,0,0,0,0,0,0,"N",0,0,0,0,0,0,0,0,0,0,0,0,0,0
"48137","5","54","74","0","2022","A","N","Edwards County, Texas","Private","NAICS 54 Professional, scientific, and technical services","County, NAICS Sector -- by ownership sector","All establishment sizes",5,0,0,0,0,0,0,"N",0.46,0,0,0,0,0,0,"N",0,0.0,0,0,0,0,0,0,0,0,0,0,0,0
"48137","5","541","75","0","2022","A","N","Edwards County, Texas","Private","NAICS 541 Professional, scientific, and technical services","County, NAICS 3-digit -- by ownership sector","All establishment sizes",5,0,0,0,0,0,0,"N",0.46,0,0,0,0,0,0,"N",0,0.0,0,0,0,0,0,0,0,0,0,0,0,0
"48137","5","5411","76","0","2022","A","N","Edwards County, Texas","Private","NAICS 5411 Legal services","County, NAICS 4-digit -- by ownership sector","All establishment sizes",1,0,0,0,0,0,0,"N",0.71,0,0,0,0,0,0,"N",0,0.0,0,0,0,0,0,0,0,0,0,0,0,0
"48137","5","54119","77","0","2022","A","N","Edwards County, Texas","Private","NAICS 54119 Other legal services","County, NAICS 5-digit -- by ownership sector","All establishment sizes",1,0,0,0,0,0,0,"N",7.71,0,0,0,0,0,0,"N",0,0.0,0,0,0,0,0,0,0,0,0,0,0,0
"48137","5","541191","78","0","2022","A","N","Edwards County, Texas","Private","NAICS 541191 Title abstract and settlement offices","County, NAICS 6-digit -- by ownership sector","All establishment sizes",1,0,0,0,0,0,0,"N",14.45,0,0,0,0,0,0,"N",0,0.0,0,0,0,0,0,0,0,0,0,0,0,0
"48137","5","5413","76","0","2022","A","N","Edwards County, Texas","Private","NAICS 5413 Architectural, engineering, and related services","County, NAICS 4-digit -- by ownership sector","All establishment sizes",1,0,0,0,0,0,0,"N",0.91,0,0,0,0,0,0,"N",0,0.0,0,0,0,0,0,0,0,0,0,0,0,0
"48137","5","54133","77","0","2022","A","N","Edwards County, Texas","Private","NAICS 54133 Engineering services","County, NAICS 5-digit -- by ownership sector","All establishment sizes",1,0,0,0,0,0,0,"N",1.60,0,0,0,0,0,0,"N",0,0.0,0,0,0,0,0,0,0,0,0,0,0,0
"48137","5","541330","78","0","2022","A","N","Edwards County, Texas","Private","NAICS 541330 Engineering services","County, NAICS 6-digit -- by ownership sector","All establishment sizes",1,0,0,0,0,0,0,"N",1.60,0,0,0,0,0,0,"N",0,0.0,0,0,0,0,0,0,0,0,0,0,0,0
"48137","5","5415","76","0","2022","A","N","Edwards County, Texas","Private","NAICS 5415 Computer systems design and related services","County, NAICS 4-digit -- by ownership sector","All establishment sizes",1,0,0,0,0,0,0,"N",0.38,0,0,0,0,0,0,"N",0,0.0,0,0,0,0,0,0,0,0,0,0,0,0
"48137","5","54151","77","0","2022","A","N","Edwards County, Texas","Private","NAICS 54151 Computer systems design and related services","County, NAICS 5-digit -- by ownership sector","All establishment sizes",1,0,0,0,0,0,0,"N",0.38,0,0,0,0,0,0,"N",0,0.0,0,0,0,0,0,0,0,0,0,0,0,0
"48137","5","541511","78","0","2022","A","N","Edwards County, Texas","Private","NAICS 541511 Custom computer programming services","County, NAICS 6-digit -- by ownership sector","All establishment sizes",1,0,0,0,0,0,0,"N",0.80,0,0,0,0,0,0,"N",0,0.0,0,0,0,0,0,0,0,0,0,0,0,0
"48137","5","5416","76","0","2022","A","N","Edwards County, Texas","Private","NAICS 5416 Management, scientific, and technical consulting services","County, NAICS 4-digit -- by ownership sector","All establishment sizes",1,0,0,0,0,0,0,"N",0.39,0,0,0,0,0,0,"N",-1,-50.0,0,0,0,0,0,0,0,0,0,0,0,0
"48137","5","54161","77","0","2022","A","N","Edwards County, Texas","Private","NAICS 54161 Management consulting services","County, NAICS 5-digit -- by ownership sector","All establishment sizes",1,0,0,0,0,0,0,"N",0.48,0,0,0,0,0,0,"N",-1,-50.0,0,0,0,0,0,0,0,0,0,0,0,0
"48137","5","541618","78","0","2022","A","N","Edwards County, Texas","Private","NAICS 541618 Other management consulting services","County, NAICS 6-digit -- by ownership sector","All establishment sizes",1,0,0,0,0,0,0,"N",4.60,0,0,0,0,0,0,"N",-1,-50.0,0,0,0,0,0,0,0,0,0,0,0,0
"48137","5","5418","76","0","2022","A","N","Edwards County, Texas","Private","NAICS 5418 Advertising, public relations, and related services","County, NAICS 4-digit -- by ownership sector","All establishment sizes",1,0,0,0,0,0,0,"N",1.99,0,0,0,0,0,0,"N",0,0.0,0,0,0,0,0,0,0,0,0,0,0,0
"48137","5","54181","77","0","2022","A","N","Edwards County, Texas","Private","NAICS 54181 Advertising agencies","County, NAICS 5-digit -- by ownership sector","All establishment sizes",1,0,0,0,0,0,0,"N",4.27,0,0,0,0,0,0,"N",0,0.0,0,0,0,0,0,0,0,0,0,0,0,0
"48137","5","541810","78","0","2022","A","N","Edwards County, Texas","Private","NAICS 541810 Advertising agencies","County, NAICS 6-digit -- by ownership sector","All establishment sizes",1,0,0,0,0,0,0,"N",4.27,0,0,0,0,0,0,"N",0,0.0,0,0,0,0,0,0,0,0,0,0,0,0
"48137","5","56","74","0","2022","A","N","Edwards County, Texas","Private","NAICS 56 Administrative and support and waste management and remediation services","County, NAICS Sector -- by ownership sector","All establishment sizes",3,0,0,0,0,0,0,"N",0.66,0,0,0,0,0,0,"N",0,0.0,0,0,0,0,0,0,0,0,0,0,0,0
"48137","5","561","75","0","2022","A","N","Edwards County, Texas","Private","NAICS 561 Administrative and support services","County, NAICS 3-digit -- by ownership sector","All establishment sizes",3,0,0,0,0,0,0,"N",0.69,0,0,0,0,0,0,"N",0,0.0,0,0,0,0,0,0,0,0,0,0,0,0
"48137","5","5613","76","0","2022","A","N","Edwards County, Texas","Private","NAICS 5613 Employment services","County, NAICS 4-digit -- by ownership sector","All establishment sizes",3,0,0,0,0,0,0,"N",2.88,0,0,0,0,0,0,"N",0,0.0,0,0,0,0,0,0,0,0,0,0,0,0
"48137","5","56132","77","0","2022","A","N","Edwards County, Texas","Private","NAICS 56132 Temporary help services","County, NAICS 5-digit -- by ownership sector","All establishment sizes",3,0,0,0,0,0,0,"N",4.45,0,0,0,0,0,0,"N",0,0.0,0,0,0,0,0,0,0,0,0,0,0,0
"48137","5","561320","78","0","2022","A","N","Edwards County, Texas","Private","NAICS 561320 Temporary help services","County, NAICS 6-digit -- by ownership sector","All establishment sizes",3,0,0,0,0,0,0,"N",4.45,0,0,0,0,0,0,"N",0,0.0,0,0,0,0,0,0,0,0,0,0,0,0
"48137","5","61","74","0","2022","A","N","Edwards County, Texas","Private","NAICS 61 Educational services","County, NAICS Sector -- by ownership sector","All establishment sizes",2,0,0,0,0,0,0,"N",1.88,0,0,0,0,0,0,"N",0,0.0,0,0,0,0,0,0,0,0,0,0,0,0
"48137","5","611","75","0","2022","A","N","Edwards County, Texas","Private","NAICS 611 Educational services","County, NAICS 3-digit -- by ownership sector","All establishment sizes",2,0,0,0,0,0,0,"N",1.88,0,0,0,0,0,0,"N",0,0.0,0,0,0,0,0,0,0,0,0,0,0,0
"48137","5","6111","76","0","2022","A","N","Edwards County, Texas","Private","NAICS 6111 Elementary and secondary schools","County, NAICS 4-digit -- by ownership sector","All establishment sizes",2,0,0,0,0,0,0,"N",14.00,0,0,0,0,0,0,"N",0,0.0,0,0,0,0,0,0,0,0,0,0,0,0
"48137","5","61111","77","0","2022","A","N","Edwards County, Texas","Private","NAICS 61111 Elementary and secondary schools","County, NAICS 5-digit -- by ownership sector","All establishment sizes",2,0,0,0,0,0,0,"N",14.00,0,0,0,0,0,0,"N",0,0.0,0,0,0,0,0,0,0,0,0,0,0,0
"48137","5","611110","78","0","2022","A","N","Edwards County, Texas","Private","NAICS 611110 Elementary and secondary schools","County, NAICS 6-digit -- by ownership sector","All establishment sizes",2,0,0,0,0,0,0,"N",14.00,0,0,0,0,0,0,"N",0,0.0,0,0,0,0,0,0,0,0,0,0,0,0
"48137","5","62","74","0","2022","A","N","Edwards County, Texas","Private","NAICS 62 Health care and social assistance","County, NAICS Sector -- by ownership sector","All establishment sizes",5,0,0,0,0,0,0,"N",0.39,0,0,0,0,0,0,"N",1,25.0,0,0,0,0,0,0,0,0,0,0,0,0
"48137","5","621","75","0","2022","A","","Edwards County, Texas","Private","NAICS 621 Ambulatory health care services","County, NAICS 3-digit -- by ownership sector","All establishment sizes",3,36,1130679,315118,9226,598,31120,"",0.63,1.12,0.83,1.22,1.96,0.74,0.74,"",0,0.0,7,24.1,235037,26.2,21071,7.2,4348,89.1,11,1.9,587,1.9
"48137","5","6214","76","0","2022","A","N","Edwards County, Texas","Private","NAICS 6214 Outpatient care centers","County, NAICS 4-digit -- by ownership sector","All establishment sizes",1,0,0,0,0,0,0,"N",3.07,0,0,0,0,0,0,"N",0,0.0,0,0,0,0,0,0,0,0,0,0,0,0
"48137","5","62149","77","0","2022","A","N","Edwards County, Texas","Private","NAICS 62149 Other outpatient care centers","County, NAICS 5-digit -- by ownership sector","All establishment sizes",1,0,0,0,0,0,0,"N",4.85,0,0,0,0,0,0,"N",0,0.0,0,0,0,0,0,0,0,0,0,0,0,0
"48137","5","621492","78","0","2022","A","N","Edwards County, Texas","Private","NAICS 621492 Kidney dialysis centers","County, NAICS 6-digit -- by ownership sector","All establishment sizes",1,0,0,0,0,0,0,"N",17.81,0,0,0,0,0,0,"N",0,0.0,0,0,0,0,0,0,0,0,0,0,0,0
"48137","5","6216","76","0","2022","A","N","Edwards County, Texas","Private","NAICS 6216 Home health care services","County, NAICS 4-digit -- by ownership sector","All establishment sizes",1,0,0,0,0,0,0,"N",3.05,0,0,0,0,0,0,"N",0,0.0,0,0,0,0,0,0,0,0,0,0,0,0
"48137","5","62161","77","0","2022","A","N","Edwards County, Texas","Private","NAICS 62161 Home health care services","County, NAICS 5-digit -- by ownership sector","All establishment sizes",1,0,0,0,0,0,0,"N",3.05,0,0,0,0,0,0,"N",0,0.0,0,0,0,0,0,0,0,0,0,0,0,0
"48137","5","621610","78","0","2022","A","N","Edwards County, Texas","Private","NAICS 621610 Home health care services","County, NAICS 6-digit -- by ownership sector","All establishment sizes",1,0,0,0,0,0,0,"N",3.05,0,0,0,0,0,0,"N",0,0.0,0,0,0,0,0,0,0,0,0,0,0,0
"48137","5","6219","76","0","2022","A","N","Edwards County, Texas","Private","NAICS 6219 Other ambulatory health care services","County, NAICS 4-digit -- by ownership sector","All establishment sizes",1,0,0,0,0,0,0,"N",7.83,0,0,0,0,0,0,"N",0,0.0,0,0,0,0,0,0,0,0,0,0,0,0
"48137","5","62191","77","0","2022","A","N","Edwards County, Texas","Private","NAICS 62191 Ambulance services","County, NAICS 5-digit -- by ownership sector","All establishment sizes",1,0,0,0,0,0,0,"N",25.19,0,0,0,0,0,0,"N",0,0.0,0,0,0,0,0,0,0,0,0,0,0,0
"48137","5","621910","78","0","2022","A","N","Edwards County, Texas","Private","NAICS 621910 Ambulance services","County, NAICS 6-digit -- by ownership sector","All establishment sizes",1,0,0,0,0,0,0,"N",25.19,0,0,0,0,0,0,"N",0,0.0,0,0,0,0,0,0,0,0,0,0,0,0
"48137","5","624","75","0","2022","A","N","Edwards County, Texas","Private","NAICS 624 Social assistance","County, NAICS 3-digit -- by ownership sector","All establishment sizes",2,0,0,0,0,0,0,"N",0.27,0,0,0,0,0,0,"N",1,100.0,0,0,0,0,0,0,0,0,0,0,0,0
"48137","5","6241","76","0","2022","A","N","Edwards County, Texas","Private","NAICS 6241 Individual and family services","County, NAICS 4-digit -- by ownership sector","All establishment sizes",2,0,0,0,0,0,0,"N",0.30,0,0,0,0,0,0,"N",1,100.0,0,0,0,0,0,0,0,0,0,0,0,0
"48137","5","62412","77","0","2022","A","N","Edwards County, Texas","Private","NAICS 62412 Services for the elderly and persons with disabilities","County, NAICS 5-digit -- by ownership sector","All establishment sizes",2,0,0,0,0,0,0,"N",0.31,0,0,0,0,0,0,"N",1,100.0,0,0,0,0,0,0,0,0,0,0,0,0
"48137","5","624120","78","0","2022","A","N","Edwards County, Texas","Private","NAICS 624120 Services for the elderly and persons with disabilities","County, NAICS 6-digit -- by ownership sector","All establishment sizes",2,0,0,0,0,0,0,"N",0.31,0,0,0,0,0,0,"N",1,100.0,0,0,0,0,0,0,0,0,0,0,0,0
"48137","5","72","74","0","2022","A","","Edwards County, Texas","Private","NAICS 72 Accommodation and food services","County, NAICS Sector -- by ownership sector","All establishment sizes",3,13,286173,128494,397,421,21873,"",0.57,0.24,0.34,0.29,0.05,1.37,1.37,"N",-1,-25.0,0,0,0,0,0,0,0,0,0,0,0,0
"48137","5","721","75","0","2022","A","N","Edwards County, Texas","Private","NAICS 721 Accommodation","County, NAICS 3-digit -- by ownership sector","All establishment sizes",1,0,0,0,0,0,0,"N",1.88,0,0,0,0,0,0,"N",-1,-50.0,0,0,0,0,0,0,0,0,0,0,0,0
"48137","5","7212","76","0","2022","A","N","Edwards County, Texas","Private","NAICS 7212 Rv (recreational vehicle) parks and recreational camps","County, NAICS 4-digit -- by ownership sector","All establishment sizes",1,0,0,0,0,0,0,"N",16.96,0,0,0,0,0,0,"N",0,0.0,0,0,0,0,0,0,0,0,0,0,0,0
"48137","5","72121","77","0","2022","A","N","Edwards County, Texas","Private","NAICS 72121 Rv (recreational vehicle) parks and recreational camps","County, NAICS 5-digit -- by ownership sector","All establishment sizes",1,0,0,0,0,0,0,"N",16.96,0,0,0,0,0,0,"N",0,0.0,0,0,0,0,0,0,0,0,0,0,0,0
"48137","5","721214","78","0","2022","A","N","Edwards County, Texas","Private","NAICS 721214 Recreational and vacation camps (except campgrounds)","County, NAICS 6-digit -- by ownership sector","All establishment sizes",1,0,0,0,0,0,0,"N",45.58,0,0,0,0,0,0,"N",0,0.0,0,0,0,0,0,0,0,0,0,0,0,0
"48137","5","722","75","0","2022","A","N","Edwards County, Texas","Private","NAICS 722 Food services and drinking places","County, NAICS 3-digit -- by ownership sector","All establishment sizes",2,0,0,0,0,0,0,"N",0.42,0,0,0,0,0,0,"N",-1,-33.3,0,0,0,0,0,0,0,0,0,0,0,0
"48137","5","7225","76","0","2022","A","N","Edwards County, Texas","Private","NAICS 7225 Restaurants and other eating places","County, NAICS 4-digit -- by ownership sector","All establishment sizes",2,0,0,0,0,0,0,"N",0.48,0,0,0,0,0,0,"N",-1,-33.3,0,0,0,0,0,0,0,0,0,0,0,0
"48137","5","72251","77","0","2022","A","N","Edwards County, Texas","Private","NAICS 72251 Restaurants and other eating places","County, NAICS 5-digit -- by ownership sector","All establishment sizes",2,0,0,0,0,0,0,"N",0.48,0,0,0,0,0,0,"N",-1,-33.3,0,0,0,0,0,0,0,0,0,0,0,0
"48137","5","722511","78","0","2022","A","N","Edwards County, Texas","Private","NAICS 722511 Full-service restaurants","County, NAICS 6-digit -- by ownership sector","All establishment sizes",1,0,0,0,0,0,0,"N",0.56,0,0,0,0,0,0,"N",-1,-50.0,0,0,0,0,0,0,0,0,0,0,0,0
"48137","5","722513","78","0","2022","A","N","Edwards County, Texas","Private","NAICS 722513 Limited-service restaurants","County, NAICS 6-digit -- by ownership sector","All establishment sizes",1,0,0,0,0,0,0,"N",0.56,0,0,0,0,0,0,"N",0,0.0,0,0,0,0,0,0,0,0,0,0,0,0
"48137","5","81","74","0","2022","A","N","Edwards County, Texas","Private","NAICS 81 Other services (except public administration)","County, NAICS Sector -- by ownership sector","All establishment sizes",5,0,0,0,0,0,0,"N",0.83,0,0,0,0,0,0,"N",0,0.0,0,0,0,0,0,0,0,0,0,0,0,0
"48137","5","811","75","0","2022","A","N","Edwards County, Texas","Private","NAICS 811 Repair and maintenance","County, NAICS 3-digit -- by ownership sector","All establishment sizes",2,0,0,0,0,0,0,"N",1.19,0,0,0,0,0,0,"N",-1,-33.3,0,0,0,0,0,0,0,0,0,0,0,0
"48137","5","8111","76","0","2022","A","N","Edwards County, Texas","Private","NAICS 8111 Automotive repair and maintenance","County, NAICS 4-digit -- by ownership sector","All establishment sizes",2,0,0,0,0,0,0,"N",1.69,0,0,0,0,0,0,"N",-1,-33.3,0,0,0,0,0,0,0,0,0,0,0,0
"48137","5","81111","77","0","2022","A","N","Edwards County, Texas","Private","NAICS 81111 Automotive mechanical and electrical repair and maintenance","County, NAICS 5-digit -- by ownership sector","All establishment sizes",2,0,0,0,0,0,0,"N",3.01,0,0,0,0,0,0,"N",0,0.0,0,0,0,0,0,0,0,0,0,0,0,0
"48137","5","811111","78","0","2022","A","N","Edwards County, Texas","Private","NAICS 811111 General automotive repair","County, NAICS 6-digit -- by ownership sector","All establishment sizes",2,0,0,0,0,0,0,"N",3.39,0,0,0,0,0,0,"N",0,0.0,0,0,0,0,0,0,0,0,0,0,0,0
"48137","5","81119","77","0","2022","A","N","Edwards County, Texas","Private","NAICS 81119 Other automotive repair and maintenance","County, NAICS 5-digit -- by ownership sector","All establishment sizes",0,0,0,0,0,0,0,"N",0.00,0,0,0,0,0,0,"N",-1,-100.0,0,0,0,0,0,0,0,0,0,0,0,0
"48137","5","811198","78","0","2022","A","N","Edwards County, Texas","Private","NAICS 811198 All other automotive repair and maintenance","County, NAICS 6-digit -- by ownership sector","All establishment sizes",0,0,0,0,0,0,0,"N",0.00,0,0,0,0,0,0,"N",-1,-100.0,0,0,0,0,0,0,0,0,0,0,0,0
"48137","5","813","75","0","2022","A","N","Edwards County, Texas","Private","NAICS 813 Religious, grantmaking, civic, professional, and similar organizations","County, NAICS 3-digit -- by ownership sector","All establishment sizes",2,0,0,0,0,0,0,"N",1.70,0,0,0,0,0,0,"N",1,100.0,0,0,0,0,0,0,0,0,0,0,0,0
"48137","5","8133","76","0","2022","A","N","Edwards County, Texas","Private","NAICS 8133 Social advocacy organizations","County, NAICS 4-digit -- by ownership sector","All establishment sizes",1,0,0,0,0,0,0,"N",4.56,0,0,0,0,0,0,"N",1,100.0,0,0,0,0,0,0,0,0,0,0,0,0
"48137","5","81331","77","0","2022","A","N","Edwards County, Texas","Private","NAICS 81331 Social advocacy organizations","County, NAICS 5-digit -- by ownership sector","All establishment sizes",1,0,0,0,0,0,0,"N",4.56,0,0,0,0,0,0,"N",1,100.0,0,0,0,0,0,0,0,0,0,0,0,0
"48137","5","813312","78","0","2022","A","N","Edwards County, Texas","Private","NAICS 813312 Environment, conservation and wildlife organizations","County, NAICS 6-digit -- by ownership sector","All establishment sizes",1,0,0,0,0,0,0,"N",16.69,0,0,0,0,0,0,"N",1,100.0,0,0,0,0,0,0,0,0,0,0,0,0
"48137","5","8139","76","0","2022","A","N","Edwards County, Texas","Private","NAICS 8139 Business, professional, labor, political, and similar organizations","County, NAICS 4-digit -- by ownership sector","All establishment sizes",1,0,0,0,0,0,0,"N",2.26,0,0,0,0,0,0,"N",0,0.0,0,0,0,0,0,0,0,0,0,0,0,0
"48137","5","81391","77","0","2022","A","N","Edwards County, Texas","Private","NAICS 81391 Business associations","County, NAICS 5-digit -- by ownership sector","All establishment sizes",1,0,0,0,0,0,0,"N",6.88,0,0,0,0,0,0,"N",0,0.0,0,0,0,0,0,0,0,0,0,0,0,0
"48137","5","813910","78","0","2022","A","N","Edwards County, Texas","Private","NAICS 813910 Business associations","County, NAICS 6-digit -- by ownership sector","All establishment sizes",1,0,0,0,0,0,0,"N",6.88,0,0,0,0,0,0,"N",0,0.0,0,0,0,0,0,0,0,0,0,0,0,0
"48137","5","814","75","0","2022","A","N","Edwards County, Texas","Private","NAICS 814 Private households","County, NAICS 3-digit -- by ownership sector","All establishment sizes",1,0,0,0,0,0,0,"N",0.71,0,0,0,0,0,0,"N",0,0.0,0,0,0,0,0,0,0,0,0,0,0,0
"48137","5","8141","76","0","2022","A","N","Edwards County, Texas","Private","NAICS 8141 Private households","County, NAICS 4-digit -- by ownership sector","All establishment sizes",1,0,0,0,0,0,0,"N",0.71,0,0,0,0,0,0,"N",0,0.0,0,0,0,0,0,0,0,0,0,0,0,0
"48137","5","81411","77","0","2022","A","N","Edwards County, Texas","Private","NAICS 81411 Private households","County, NAICS 5-digit -- by ownership sector","All establishment sizes",1,0,0,0,0,0,0,"N",0.71,0,0,0,0,0,0,"N",0,0.0,0,0,0,0,0,0,0,0,0,0,0,0
"48137","5","814110","78","0","2022","A","N","Edwards County, Texas","Private","NAICS 814110 Private households","County, NAICS 6-digit -- by ownership sector","All establishment sizes",1,0,0,0,0,0,0,"N",0.71,0,0,0,0,0,0,"N",0,0.0,0,0,0,0,0,0,0,0,0,0,0,0
